,Protein,MolecularWeight,InestavilityIndex
0,NSRPSWR,901.969,91.11428571428571
1,R,174.201,1.0
2,AR,245.2789,5.0
3,TCARSCTTRTTRSTG,1601.7654000000002,105.72666666666665
4,YGTTWTTWATRRERKTWNKRPNRTTGRPRKSRYLYS,4533.040600000001,28.60555555555556
5,LMLDYFATL,1086.3003,8.88888888888889
6,NNPKIELPLQDDPFHTRGDWIEFPLYESVAKTFMRIPPASFFFFFFF,5701.463599999997,57.0808510638298
7,RESFDSLKT,1082.1646,55.96666666666667
8,RFYFTSGMVLLVMKALLLALLGNLFILCSNV,3461.2939,23.66806451612903
9,FVHWYGGRERGAIIPPLTFTTIFSAYVRHA,3463.9421,20.32333333333333
10,YCSPEYQWAVFSLLKKGVTNFVAYCDYT,3296.722100000001,10.18928571428571
11,K,146.1876,1.0
12,HC,258.29749999999996,5.0
13,IKYFHYWSLFKKFCSVGPYGKPGIPGPTGPDGAQGAKGSCDHCPTPRLPPGY,5582.353300000003,13.226923076923077
14,ATFIVEKLLHC,1273.5432,4.872727272727272
15,HFRNCLCVYIFVLLKFT,2116.5919000000004,6.341176470588238
16,VK,245.31859999999998,-9.399999999999999
17,CK,249.3305,5.0
18,TFYYCAS,853.9374999999999,90.40142857142858
19,RYQFT,713.7810999999999,-22.16
20,RKWGSE,761.8258,23.150000000000006
21,KLVDFFSGSNSL,1313.4546,-16.716666666666665
22,SGAFSDLFQVNACNCLISFLVLKYAYNHFFSALSFQYHLLVSISFFVFIFIGNHSTPQVIRN,7098.120499999998,21.04516129032258
23,FAFIYSYIRT,1280.4693000000002,9.0
24,KIISVPIKISIISSKISEKKLFNPILVFYKFDPLLTNFVCFL,4857.9186,20.855
25,IEHSKFE,888.9635999999999,60.57142857142857
26,FITVFFFLLIHCRS,1743.121,49.48571428571429
27,SRRFNYLFIILQQLSTVDQKCC,2676.1206999999995,69.83181818181818
28,RNLVPN,711.81,61.00000000000001
29,RRRF,633.7461999999999,293.9
30,VEKQRRIS,1015.1681000000001,109.9
31,KFGAKIFQCNSIEAINHSQCIITPHFLIK,3301.8796,13.889655172413796
32,AHFRIELSQKSFHSNCCLINFG,2551.8990000000003,30.313636363636363
33,L,131.1729,1.0
34,KCSHCDYRSSYN,1462.5666999999996,63.791666666666664
35,VVEAVCR,774.9287999999999,8.571428571428571
36,FRRLKKFNFFP,1499.8019,57.29090909090908
37,RLLFLSIFDLEIKNLLSEIL,2389.8695,49.94500000000001
38,KPGNGSHIIAHINQIVQHFSFMLIYSQL,3193.6768999999995,24.353571428571428
39,VYVCNCIMVSSYLCVGISAFPLRDFNSRTTYATVTQQDEHSVHCIML,5317.1045,25.35957446808511
40,CIICDHLL,929.1582000000001,32.825
41,QLSHSAITCCAFLKISEKFHIFCCCRLFFVTRPFGHRRMQCCRRNWRRDFATAFSDNEIMHLNLK,7843.184999999998,55.30615384615385
42,FDLACKSFRRLSLCMSSSL,2164.5706,129.79999999999998
43,SENLEGIK,888.962,11.600000000000003
44,MQNFCCV,844.0337,-34.44285714285714
45,TFCYASLLDYMFCLYLLRVTGLGRIIEVS,3361.0028,59.806896551724144
46,TNLKDSIRGDLMGEHYATHFHTVSPSGYRVGNIGHGQTRILHTDALMYAYIWRCRNALCKGAFLQSACSSNRTTENTNTSLYTVYDLLAIH,10221.37799999999,40.405494505494495
47,TD,234.2066,5.0
48,STKRDYRII,1151.316,26.322222222222226
49,SSSRSFLSILSHILHSFNT,2133.3628000000003,101.94210526315787
50,IYFH,578.6592,7.5
51,NINK,487.5503999999999,176.55
52,KFEN,536.5780000000001,7.5
53,KELLELLRYNFKHD,1818.0803000000003,-3.814285714285712
54,YTIELNFPTMVRSFPVGILINRSCPLIFAFL,3573.2732000000005,80.71612903225805
55,LKFPANNYVKFFFFEKLI,2265.6905,19.81111111111111
56,FTIINQYL,1011.1708000000001,-10.1
57,PME,375.4405,-18.46666666666667
58,HRTGSSYSFSFLSP,1572.6755999999998,48.36428571428572
59,QEQLYQFQVIAMDVSSIKTSVLLEFFSPSLTLQQ,3919.452400000001,53.60882352941177
60,SWTSTLVSKLINLLPIRQSPSRLSPLSLFSSHCQWFITMLIM,4833.736799999999,56.68095238095237
61,RNRFTLMLISARFLLVISGVRCILLRMLQETILVLLVKLIPLEELEEAEAEVRILVHRV,6883.370699999996,42.40508474576271
62,VFEYIFRRRRM,1572.8775,165.3090909090909
63,WMLQSWTTRTRWISRKTRKARKARSSRSPRKSRKRSISSM,4936.7398,119.6475
64,ASYSTTMPTMPRRTTRTSWSSRTTRTTGTRWKPRITSRTIRPRTSRTTRTSRTSRKRRSPRSPRRTRRTRSIRARRTRRARTSWTTRTSRTSRK,11355.79369999998,98.96063829787235
65,RSPRNRRTRTSWTKGTTRSCWSTRS,3025.3292,114.44399999999999
66,RKPRRTRNRWKARRRRREGNLPQVLCYRRRSLL,4305.0506,162.73333333333332
67,GRNPTPLNLEACRLCQIKHFSFNFFVYNIYIPHEEIFLKT,4814.544399999999,31.965
68,SSKYVQQFSIFKISVYFSIFQYNI,2937.3438000000006,24.71666666666667
69,GVFKQNNVLVFTNINYSVFILVVNVTTHHWNDLCL,4062.648699999999,31.71714285714286
70,KFTEEVGQYLKKKHQRVNKIK,2602.0425000000005,25.733333333333327
71,EFSRNDVI,979.0446999999999,48.25
72,KSM,364.4609,6.666666666666667
73,TSGNVKIFIDF,1240.4039,-15.818181818181817
74,EK,275.3016,5.0
75,EEI,389.40090000000004,179.53333333333333
76,TN,233.2218,-70.14999999999999
77,FL,278.34669999999994,5.0
78,THKFIHLNFVKLI,1609.9540000000002,16.63076923076923
79,TLKLLIEKRTTYQFSSLSSTPDCLINQSIDYRLEPQKSWQIISIHFDPYPFTKPSVSPPFRISHKSSRSDSSISSYGQPRIGRGDVSADRRRIKGRAGGEETRISLPFATHYGN,12917.353499999983,66.35526315789474
80,R,174.201,1.0
81,AQSLQICGLCRCGFLYCRRRFSSFDPSNGLFVRVARQTADAPRNQLLQGNIYFN,6173.016500000003,69.49444444444441
82,FLTYFFIANFDVDICSFV,2161.4716999999996,-0.3999999999999994
83,YLYLLLFLGIC,1330.6753000000003,1.3727272727272726
84,GQLHEGQRWTSSTTQPYHPSSLRRTRSQPSSKSPMRGMLPSRTTRTSWSPRKARKARTSRSTRNSRNPRKATSCPM,8711.723299999994,85.43684210526314
85,ANYSTTMQAMPTRTTRTTRTTRSTRRPGRGWNPRTPRDRCRPRIPRTTWTTRTSWRGRSPRTSRRARNPSYFRATHPRSTRRARRLRTTRTTRTTRSTRKRRTARTTRTKGSPRTRRTTRSRRTIRTTRTTRTSWNPRREGNLSKVSFV,17904.06629999998,66.64228187919463
86,KG,203.2389,-37.45
87,DNL,360.3629,6.666666666666667
88,ICNISGIALSMEESSSRTEPDDKHTSSMDRGRRCSTSASHRYDSIIPQSYPLSFLFQLYFFLLTVQTSSSSRCCV,8433.373799999996,62.94799999999998
89,SR,261.27829999999994,101.30000000000001
90,QTQILSPSSPSVHRPNKLLFI,2362.7251,100.87142857142855
91,NRFSIDTPVSISF,1482.6357999999998,12.484615384615388
92,PTKRQGKCSDPATK,1516.7221,54.02142857142857
93,YN,295.2911,5.0
94,SCSVSPSK,793.8859,128.5
95,SGLGPELIWPAGFSL,1543.7602000000002,33.76
96,SALWSGDRFGSDRSVVNVCFH,2339.5440999999996,34.54285714285714
97,GPVPSRPTVP,1006.1562999999999,124.56000000000002
98,IGFDSCPATATYKLQIRRGQSK,2440.7758000000003,109.34545454545454
99,LCRLKCIGHHVALLEAAAIRRCDRGSVSRCRRSILEDGWYGRFDSGLRETLQSK,6160.068199999998,73.19814814814814
100,TQVPNRRQLRHCRLCRRGARRSAAQELYGRICGLCAQVHSGEGQPWSAGPSWTHGIEGRNGFPWHGGTIW,7865.781599999999,57.42714285714284
101,QGSEG,476.4384,46.52
102,SRPIRTAW,986.1285,56.900000000000006
103,G,75.0666,1.0
104,ARIAWSSWSGWCTRSPGTRRQSRSPWYQR,3510.8616,136.6655172413793
105,RRLRRTGWYSWLGGSIRNARTSRICRPAWQQGREG,4188.705,81.63714285714285
106,TGKGER,646.6938,-46.68333333333333
107,LREGREG,815.8749,36.08571428571429
108,ARLEGDCRFGWTTRISWRKGRARRQWTLRSQRTPG,4246.784300000001,47.654285714285706
109,ARSEGREGCLLLRTHEAWCTGYQGREG,3036.3217,53.08888888888889
110,ARVLVSRQTDPHGDGTSRRYGTEGRAWPSWPQG,3681.944400000001,48.92727272727273
111,ART,346.38280000000003,6.666666666666667
112,RRHWTRWTEGREGSARRPRRSRSPR,3190.51,165.584
113,LWTPRIYRTKGRSWRAGP,2201.5346,20.36111111111111
114,WSAR,518.5661000000001,7.5
115,SRTEG,548.5474999999999,85.04
116,ARTCWSDR,994.086,28.925
117,AWSARSSGTARRWPWNTRTPGTQRTPRLCWRTWTPGIKRS,4727.297500000001,59.7125
118,WTTGSSGIQWTKGRCWSARSPRQRGTSWQKGRKGNRRT,4406.869300000001,36.53684210526316
119,WTKGIHRTHWTPRTTGTRGTEG,2536.762400000001,-17.645454545454548
120,RRFARLWHSRI,1497.7515,121.72727272727273
121,GRCWHTWLSRTKG,1587.8063,46.07692307692308
122,QGRARLQGQCWCSR,1648.8711000000003,57.85714285714286
123,LQAGSSWNSRCRWCSWTKGRRWSSRHSWPKGRHGYQG,4433.874400000001,85.8027027027027
124,RRRQMLIVQGRTKG,1699.0374999999997,92.74285714285713
125,GNERTAWNSRKGWRTRTAWRARISRRAWTRWNQRTNWTAW,5088.5952,37.28
126,EGRGRSHWSSRSNWRAWQTCSVRFEFD,3328.552399999999,52.96296296296296
127,AIEG,388.4161,117.35
128,QGLPWCARCKGRARIQGSRRSAWYPWTQRRIRFQG,4233.853099999999,59.011428571428574
129,EGFERSTRQRRNTRTRWAGRIPRNSRSIHQGRARLPWKGRSKGRQGIIWPKRREGRAR,7021.914000000001,76.72931034482758
130,LCA,305.3937,6.666666666666667
131,RN,288.30359999999996,66.7
132,DARQG,545.5468,46.52
133,QG,203.1958,5.0
134,ARPNRHARTSGRRRQPGREGLYRIEGQHWTTGTSWR,4288.675300000001,60.761111111111106
135,RTPRLEWTSR,1301.4542000000001,-9.34
136,KGQPGRCRSTW,1275.44,45.163636363636364
137,SWQGRPSRHSRTQWTAWTEGRAWYFETRPYGPTRSQWSAR,4912.279000000001,47.7325
138,EGRPWSNRTHWFSRCRWQCGISWR,3092.4392999999995,40.420833333333334
139,RRCRSARSIWTSRNCW,2038.3233,123.45625
140,EGRRGPDRTRWCCRTSWCSWY,2661.957,52.852380952380955
141,WCAWT,665.7597999999999,-22.06
142,WRQG,545.5914,55.650000000000006
143,ARQSRIGRHAR,1307.4686000000002,101.56363636363638
144,QR,302.3302,5.0
145,PWCSWK,805.9428,3.5333333333333337
146,RTQGLCWRYWCSRKARTCWYSRSFRCQG,3546.0594999999994,44.225
147,QGRYWLDWQRWTCGRPRSSRCSWTDGH,3381.6813,52.52962962962962
148,G,75.0666,1.0
149,PRIGRRPWTTRTGRYAWRKG,2471.8263000000006,34.62500000000001
150,PRIPRSGWTSWFAWRCLRERTKG,2847.2650000000003,32.74782608695652
151,TRSIRTPRRYRSGRNARLARREGFARSGCSRSCWSARREG,4684.221499999999,110.6225
152,PGTQWNRWTRWN,1601.7251,99.31666666666668
153,RREG,516.552,150.7
154,TRSAGRLGPAWREGICRRTWYSWCSRNGWFARRCWCSWCCWLSW,5445.2222999999985,64.96590909090908
155,SR,261.27829999999994,101.30000000000001
156,QGRAWSIWSARTQG,1603.7394000000002,3.9
157,DWTRWTAGLHRCSWP,1872.0731,27.479999999999997
158,G,75.0666,1.0
159,ARYSWSARSSGHRSRHPW,2184.3385000000003,82.97777777777777
160,GIPGRARLHWREGRARRTRLDWSCWRRWSKGRSRIAGTTRCKRIERHSRSQGRHWSKRRDRLSRSYH,8323.376299999996,101.28507462686566
161,GREGSARSPRQKRTSRSYWSTRLNWRTWSAWLGRRARPRGPAWTHWTSWQQGRAWSRRQSRTTRTGWLPRRTWIEGRYWTAGL,10142.219199999992,67.49638554216867
162,GRTWSEWLRGTKGRQG,1875.0556000000001,18.493750000000002
163,PRTPRTVWTARLGWTEGRYRLPWLKWKRWTCRSSWRARLHRAQGTRWTRRNTRSAWTEG,7381.344900000002,54.466101694915245
164,TRNAATTRTQGRTWSAGTQWT,2351.4941000000003,-10.138095238095238
165,GRARTSGRAWLDWHPG,1822.9826000000003,30.087499999999995
166,AWRKG,616.7124,-8.98
167,ARPDR,613.6672,16.360000000000007
168,DW,319.3126,5.0
169,RGTTRTQGRSRRARREGI,2114.3368,89.86111111111111
170,GRHWFDRPEG,1256.3288999999997,66.82
171,ARCSSPRCSGLSHRYPDYATQSIGNGARLLGWTHGTVDGLLPVVRRWQ,5296.9198000000015,50.93541666666667
172,LCPQPGPWIPRILCATLLNAARTVVWSE,3105.6766,39.285714285714285
173,RLQLRLQK,1054.2902,114.32500000000002
174,QDLLADNQRRHSDDAR,1909.9706,59.23125
175,KHRDPPVHLTLRRL,1738.0488,91.47142857142858
176,GAG,203.1958,-21.633333333333336
177,CDRRAQSNDRGARLSEWLGGSLDWLQFPHAHCRGQRWRWTGAAIAWLLFGGLPCNALHRVQRRQGHVPLL,8057.115399999998,62.96571428571426
178,DDDKLLDVQPGVLTAVREATAADDQGRRAAVACVQVPGVHEELLVGPPIPTQTHPQHRA,6259.9324,35.00338983050847
179,V,117.1463,1.0
180,SKCKALKLPTNRVHTHTITTQTQTNKPTHTHTYIHRRTNTATNSLI,5266.9111,4.1717391304347835
181,PKRKKNGSTSRSANYRPTWTTMPFFICQLMF,3695.3006000000005,44.748387096774195
182,TNVNCF,696.7721,-21.51666666666667
183,VTLRMLSK,947.1967,22.212500000000006
184,NK,260.29019999999997,123.4
185,IN,245.2755,5.0
186,PRSYVQKY,1040.1724000000002,54.25
187,YN,295.2911,5.0
188,SCSVSPSK,793.8859,128.5
189,SGLGPELIWPAGFSL,1543.7602000000002,33.76
190,SALWSGDRFGSDRSVVNAQRRQHINFKFDEDRANNCAGLSA,4596.926700000001,49.79024390243902
191,GIMLPFWKRLLYAAVIAGALVGADAQFWKTAGTAGSIQDSVKHYNRNEPKFPIDDSYDIVDSAGVARGDLPPKNCTAGYAGCVPKCIAEKGNRGLPGPLGPTGLKGEMGFPGMEGPSGDKGQKGDPGPYGQRGDKGERGSPGLHGQAGVPGVQGPAGNPGAPGINGKDGCDGQDGIPGLEGLSGMPGPRGYAGQLGSKGEKGEPAKENGDYAKGEKGEPGWRGTAGLAGPQGFPGEKGERGDSGPYGAKGPRGEHGLKGEKGASCYGPMKPGAPGIKGEKGEPASSFPVKPTHTVMGPRGDMGQKGEPGLVGRKGEPGPEGDTGLDGQKGEKGLPGGPGDRGRQGNFGPPGSTGQKGDRGEPGLNGLPGNPGQKGEPGRAGATGKPGLLGPPGPPGGGRGTPGPPGPKGPRGYVGAPGPQGLNGVDGLPGPQGYNGQKGGAGLPGRPGNEGPPGKKGEKGTAGLNGPKGSIGPIGHPGPPGPEGQKGDAGLPGYGIQGSKGDAGIPGYPGLKGSKGERGFKGNAGAPGDSKLGRPGTPGAAGAPGQKGDAGRPGTPGQKGDMGIKGDVGGKCSSCRAGPKGDKGTSGLPGIPGKDGARGPPGERGYPGERGHDGINGQTGPPGEKGEDGRTGLPGATGEPGKPALCDLSLIEPLKGDKGYPGAPGAKGVQGFKGAEGLPGIPGPKGEFGFKGEKGLSGAPGNDGTPGRAGRDGYPGIPGQSIKGEPGFHGRDGAKGDKGSFGRSGEKGEPGSCALDEIKMPAKGNKGEPGQTGMPGPPGEDGSPGERGYTGLKGNTGPQGPPGVEGPRGLNGPRGEKGNQGAVGVPGNPGKDGLRGIPGRNGQPGPRGEPGISRPGPMGPPGLNGLQGEKGDRGPTGPIGFPGADGSVGYPGDRGDAGLPGVSGRPGIVGEKGDVGPIGPAGVAGPPGVPGIDGVRGRDGAKGEPGSPGLVGMPGNKGDRGAPGNDGPKGFAGVTGAPGKRGPAGIPGVSGAKGDKGATGLTGNDGPVGGRGPPGAPGLMGIKGDQGLAGAPGQQGLDGMPGEKGNQGFPGLDGPPGLPGDASEKGQKGEPGPSGLRGDTGPAGTPGWPGEKGLPGLAVHGRAGPPGEKGDQGRSGIDGRDGINGEKGEQGLQGVWGQPGEKGSVGAPGIPGAPGMDGLPGAAGAPGAVGYPGDRGDKGEPGLSGLPGLKGETGPVGLQGFTGAPGPKGERGIRGQPGLPATVPDIRGDKGSQGERGYTGEKGEQGERGLTGPAGVAGAKGDRGLQGPPGASGLNGIPGAKGDIGPRGEIGYPGVTIKGEKGLPGRPGRNGRQGLIGAPGLIGERGLPGLAGEPGLVGLPGPIGPAGSKGERGLAGSPGQPGQDGFPGAPGLKGDTGPQGFKGERGLNGFEGQKGDKGDRGLQGPSGLPGLVGQKGDTGYPGLNGNDGPVGAPGERGFTGPKGRDGRDGTPGLPGQKGEPGMLPPPGPKGEPGQPGRNGPKGEPGRPGERGLIGIQGERGEKGERGLIGETGNVGRPGPKGDRGEPGERGYEGAIGLIGQKGEPGAPAPAALDYLTGILITRHSQSETVPACSAGHTELWTGYSLLYVDGNDYAHNQDLGSPGSCVPRFSTLPVLSCGQNNVCNYASRNDKTFWLTTNAAIPMMPVENIEIRQYISRCVVCEAPANVIAVHSQTIEVPDCPNGWEGLWIGYSFLMHTAVGNGGGGQALQSPGSCLEDFRATPFIECNGAKGTCHFYETMTSFWMYNLESSQPFERPQQQTIKAGERQSHVSRCQVCMKNSS,174468.47719999962,20.97692869174627
192,DLQSQHRHTHSTEHKFNLNVKP,2653.865400000001,69.77272727272728
193,NYQRIVCTPTRSQHKHKQTNQHTHTHTYTDEPTLLQIP,4553.985199999999,50.160526315789475
194,SNQKEKKTDPQVEVLITDRPGPQCHFLSAN,3380.7415,26.283333333333335
195,CSKQM,595.7330000000001,55.28
196,TASKLRYVC,1040.2371000000003,12.47777777777778
197,VNETNK,703.7416999999999,22.75
198,TSLGRMSKSIK,1207.4438999999998,41.31818181818181
199,TMCQHVPFIFETD,1567.7833,33.06153846153847
200,MRNNATKRGIERISNESNPQLLYKTCRISF,3541.0283,43.0
201,NKLKFIN,876.0541,18.14285714285714
202,SRVPSPRAQRRQHINFKFDEDRANNCAGLSA,3541.8723,76.05806451612902
203,GIMLPFWKRLLYAAVIAGALVGADAQFWKTAGTAGSIQDSVKHYNRNEPKFPIDDSYDIVDSAGVARGDLPPKNCTAGYAGCVPKCIAEKGNRGLPGPLGPTGLKGEMGFPGMEGPSGDKGQKGDPGPYGQRGDKGERGSPGLHGQAGVPGVQGPAGNPGAPGINGKDGCDGQDGIPGLEGLSGMPGPRGYAGQLGSKGEKGEPAKENGDYAKGEKGEPGWRGTAGLAGPQGFPGEKGERGDSGPYGAKGPRGEHGLKGEKGASCYGPMKPGAPGIKGEKGEPASSFPVKPTHTVMGPRGDMGQKGEPGLVGRKGEPGPEGDTGLDGQKGEKGLPGGPGDRGRQGNFGPPGSTGQKGDRGEPGLNGLPGNPGQKGEPGRAGATGKPGLLGPPGPPGGGRGTPGPPGPKGPRGYVGAPGPQGLNGVDGLPGPQGYNGQKGGAGLPGRPGNEGPPGKKGEKGTAGLNGPKGSIGPIGHPGPPGPEGQKGDAGLPGYGIQGSKGDAGIPGYPGLKGSKGERGFKGNAGAPGDSKLGRPGTPGAAGAPGQKGDAGRPGTPGQKGDMGIKGDVGGKCSSCRAGPKGDKGTSGLPGIPGKDGARGPPGERGYPGERGHDGINGQTGPPGEKGEDGRTGLPGATGEPGKPALCDLSLIEPLKGDKGYPGAPGAKGVQGFKGAEGLPGIPGPKGEFGFKGEKGLSGAPGNDGTPGRAGRDGYPGIPGQSIKGEPGFHGRDGAKGDKGSFGRSGEKGEPGSCALDEIKMPAKGNKGEPGQTGMPGPPGEDGSPGERGYTGLKGNTGPQGPPGVEGPRGLNGPRGEKGNQGAVGVPGNPGKDGLRGIPGRNGQPGPRGEPGISRPGPMGPPGLNGLQGEKGDRGPTGPIGFPGADGSVGYPGDRGDAGLPGVSGRPGIVGEKGDVGPIGPAGVAGPPGVPGIDGVRGRDGAKGEPGSPGLVGMPGNKGDRGAPGNDGPKGFAGVTGAPGKRGPAGIPGVSGAKGDKGATGLTGNDGPVGGRGPPGAPGLMGIKGDQGLAGAPGQQGLDGMPGEKGNQGFPGLDGPPGLPGDASEKGQKGEPGPSGLRGDTGPAGTPGWPGEKGLPGLAVHGRAGPPGEKGDQGRSGIDGRDGINGEKGEQGLQGVWGQPGEKGSVGAPGIPGAPGMDGLPGAAGAPGAVGYPGDRGDKGEPGLSGLPGLKGETGPVGLQGFTGAPGPKGERGIRGQPGLPATVPDIRGDKGSQGERGYTGEKGEQGERGLTGPAGVAGAKGDRGLQGPPGASGLNGIPGAKGDIGPRGEIGYPGVTIKGEKGLPGRPGRNGRQGLIGAPGLIGERGLPGLAGEPGLVGLPGPIGPAGSKGERGLAGSPGQPGQDGFPGAPGLKGDTGPQGFKGERGLNGFEGQKGDKGDRGLQGPSGLPGLVGQKGDTGYPGLNGNDGPVGAPGERGFTGPKGRDGRDGTPGLPGQKGEPGMLPPPGPKGEPGQPGRNGPKGEPGRPGERGLIGIQGERGEKGERGLIGETGNVGRPGPKGDRGEPGERGYEGAIGLIGQKGEPGAPAPAALDYLTGILITRHSQSETVPACSAGHTELWTGYSLLYVDGNDYAHNQDLGSPGSCVPRFSTLPVLSCGQNNVCNYASRNDKTFWLTTNAAIPMMPVENIEIRQYISRCVVCEAPANVIAVHSQTIEVPDCPNGWEGLWIGYSFLMHTAVGNGGGGQALQSPGSCLEDFRATPFIECNGAKGTCHFYETMTSFWMYNLESSQPFERPQQQTIKAGERQSHVSRCQVCMKNSS,174468.47719999962,20.97692869174627
204,DLQSQHRHTHSTEHKFNLNVKP,2653.865400000001,69.77272727272728
205,NYQRIVCTPTRSQHKHKQTNQHTHTHTYTDEPTLLQIP,4553.985199999999,50.160526315789475
206,SN,219.1952,5.0
